{"cameraMode":{"drawMode":0,"name":"Shaded","section":"Shading Mode"},"sceneLighting":false,"audioPlay":false,"sceneViewState":{"showFog":true,"showMaterialUpdate":false,"showSkybox":false,"showFlares":true,"showImageEffects":true,"showParticleSystems":true},"in2DMode":false,"pivot":{"x":2.980232238769531e-7,"y":1.0,"z":3.000000238418579},"rotation":{"x":0.42358240485191347,"y":-0.0027175701688975097,"z":0.0012707525165751577,"w":0.905853271484375},"size":0.8660258650779724,"orthographic":false}