{"cameraMode":{"drawMode":0,"name":"Shaded","section":"Shading Mode"},"sceneLighting":true,"audioPlay":false,"sceneViewState":{"showFog":true,"showMaterialUpdate":false,"showSkybox":true,"showFlares":true,"showImageEffects":true,"showParticleSystems":true},"in2DMode":false,"pivot":{"x":1.3306306600570679,"y":29.75759506225586,"z":-20.596036911010743},"rotation":{"x":0.4537777006626129,"y":-0.0013367807259783149,"z":0.0006805696175433695,"w":0.8911157250404358},"size":14.400198936462403,"orthographic":false}